method,gene
S3R,ACADVL
S3R,ACAP3
S3R,ACKR1
S3R,ACSL1
S3R,ACTA2
S3R,ACTG1
S3R,ACTN4
S3R,ADAM15
S3R,ADGRG1
S3R,ADIRF
S3R,AEBP1
S3R,AGPAT3
S3R,AHNAK
S3R,AL627171.2
S3R,ALDH3A2
S3R,ALDH3B2
S3R,ALKBH7
S3R,ANXA2
S3R,ANXA6
S3R,AP2S1
S3R,APOD
S3R,APOE
S3R,AQP1
S3R,ARHGDIA
S3R,ARL6IP4
S3R,ATP1B3
S3R,ATP5F1D
S3R,ATP5F1E
S3R,ATP5IF1
S3R,ATP5MC3
S3R,ATP5ME
S3R,ATP5MF
S3R,ATP5MG
S3R,ATP5MPL
S3R,ATP5PD
S3R,ATP5PF
S3R,ATP6V0B
S3R,ATP6V0C
S3R,ATP6V1G1
S3R,AUP1
S3R,AURKAIP1
S3R,AZGP1
S3R,B2M
S3R,BCAP31
S3R,BLOC1S1
S3R,BTF3
S3R,BZW1
S3R,C12orf57
S3R,C19orf33
S3R,C19orf53
S3R,C1R
S3R,C3
S3R,C4orf3
S3R,C9orf16
S3R,CALD1
S3R,CALM1
S3R,CALML3
S3R,CALML5
S3R,CALR
S3R,CANX
S3R,CAVIN1
S3R,CCDC80
S3R,CCN5
S3R,CCNL2
S3R,CD44
S3R,CD63
S3R,CD74
S3R,CD81
S3R,CD9
S3R,CD99
S3R,CDC42
S3R,CEBPD
S3R,CFD
S3R,CFH
S3R,CFL1
S3R,CHCHD10
S3R,CHMP2A
S3R,CIRBP
S3R,CKB
S3R,CLU
S3R,CLUH
S3R,CNBP
S3R,COL16A1
S3R,COL18A1
S3R,COL1A1
S3R,COL1A2
S3R,COL3A1
S3R,COL6A2
S3R,COL7A1
S3R,COPE
S3R,COX5A
S3R,COX6A1
S3R,COX6B1
S3R,COX6C
S3R,COX7A1
S3R,COX7C
S3R,COX8A
S3R,CRAT
S3R,CRIP1
S3R,CRTAP
S3R,CS
S3R,CSDE1
S3R,CSRP1
S3R,CST3
S3R,CST6
S3R,CSTB
S3R,CTNNBIP1
S3R,CTSA
S3R,CTSB
S3R,CTSD
S3R,CXCL12
S3R,CXCL14
S3R,CYB5A
S3R,CYB5R3
S3R,DBI
S3R,DCD
S3R,DCN
S3R,DCTN2
S3R,DDR1
S3R,DEGS1
S3R,DES
S3R,DGAT2
S3R,DHCR24
S3R,DMKN
S3R,DPM3
S3R,DSC3
S3R,DSP
S3R,DST
S3R,DUSP1
S3R,EBP
S3R,ECH1
S3R,ECI1
S3R,EDF1
S3R,EEF1A1
S3R,EEF1D
S3R,EEF1G
S3R,EEF2
S3R,EGFL7
S3R,EIF1
S3R,EIF3E
S3R,EIF3F
S3R,EIF3G
S3R,EIF3K
S3R,EIF3L
S3R,EIF4A1
S3R,EIF4B
S3R,EIF4G2
S3R,EIF5A
S3R,ELOVL5
S3R,EMP1
S3R,EMP3
S3R,ENO1
S3R,ENSA
S3R,EPS8L2
S3R,ERGIC3
S3R,EVL
S3R,FADS2
S3R,FASN
S3R,FAU
S3R,FBLN1
S3R,FBLN2
S3R,FDFT1
S3R,FDPS
S3R,FIS1
S3R,FKBP1A
S3R,FLG2
S3R,FTH1
S3R,FTL
S3R,FUS
S3R,FXYD3
S3R,GABARAP
S3R,GAL
S3R,GAPDH
S3R,GAS5
S3R,GAS6
S3R,GHITM
S3R,GLUL
S3R,GNB1
S3R,GPC1
S3R,GPNMB
S3R,GPX3
S3R,GPX4
S3R,GRINA
S3R,GRN
S3R,GSN
S3R,GSTK1
S3R,GSTO1
S3R,GSTP1
S3R,GUK1
S3R,H1FX
S3R,H3F3A
S3R,H3F3B
S3R,HES4
S3R,HINT1
S3R,HLA-A
S3R,HLA-B
S3R,HLA-C
S3R,HLA-DMA
S3R,HLA-DQB1
S3R,HLA-DRA
S3R,HLA-DRB1
S3R,HLA-E
S3R,HMG20B
S3R,HNRNPA2B1
S3R,HNRNPD
S3R,HNRNPH1
S3R,HNRNPK
S3R,HNRNPL
S3R,HOPX
S3R,HRAS
S3R,HSP90AA1
S3R,HTRA1
S3R,ID1
S3R,IGFBP4
S3R,IGFBP5
S3R,IGFBP7
S3R,ILVBL
S3R,IMPDH2
S3R,INTS1
S3R,ISLR
S3R,ITGB4
S3R,ITGB5
S3R,JTB
S3R,JUND
S3R,JUP
S3R,KIAA0930
S3R,KLF5
S3R,KRT1
S3R,KRT10
S3R,KRT14
S3R,KRT15
S3R,KRT17
S3R,KRT2
S3R,KRT5
S3R,KRT6A
S3R,KRT6B
S3R,KRT7
S3R,KRT71
S3R,KRT79
S3R,KRTDAP
S3R,LAMB2
S3R,LAMTOR5
S3R,LAPTM4A
S3R,LDHA
S3R,LGALS1
S3R,LGALS3
S3R,LGALS7
S3R,LGALS7B
S3R,LMNA
S3R,LOR
S3R,LRP1
S3R,LTBP3
S3R,LTBP4
S3R,LY6D
S3R,LY6E
S3R,MAT2A
S3R,MAZ
S3R,MDH2
S3R,MEGF6
S3R,MFAP4
S3R,MGAT1
S3R,MGST1
S3R,MGST3
S3R,MIF
S3R,MMP2
S3R,MRPL52
S3R,MRPS26
S3R,MRPS34
S3R,MT-ATP6
S3R,MT-CO1
S3R,MT-CO2
S3R,MT-CO3
S3R,MT-CYB
S3R,MT-ND1
S3R,MT-ND2
S3R,MT-ND3
S3R,MT-ND4
S3R,MT-ND5
S3R,MT1X
S3R,MT2A
S3R,MUCL1
S3R,MVD
S3R,MVK
S3R,MYDGF
S3R,MYL12A
S3R,MYL12B
S3R,MYL6
S3R,MYL9
S3R,MZT2B
S3R,NACA
S3R,NAPA
S3R,NBL1
S3R,NDUFA1
S3R,NDUFA11
S3R,NDUFA13
S3R,NDUFA2
S3R,NDUFA4
S3R,NDUFB7
S3R,NDUFB8
S3R,NDUFC1
S3R,NDUFC2
S3R,NDUFS5
S3R,NDUFS6
S3R,NDUFS7
S3R,NEAT1
S3R,NEDD8
S3R,NENF
S3R,NIBAN2
S3R,NME2
S3R,NME3
S3R,NOP53
S3R,NRBP1
S3R,NUMA1
S3R,NUPR1
S3R,OAZ1
S3R,OGA
S3R,OS9
S3R,OST4
S3R,P4HB
S3R,PABPC1
S3R,PCBP2
S3R,PDLIM4
S3R,PERP
S3R,PFDN5
S3R,PFN1
S3R,PHB2
S3R,PI16
S3R,PIGT
S3R,PIP
S3R,PKP1
S3R,PLAC9
S3R,PLCG2
S3R,PLD3
S3R,PLEC
S3R,PLIN2
S3R,PM20D1
S3R,POLR2L
S3R,PPIA
S3R,PPP1CA
S3R,PPP1R14B
S3R,PRDX1
S3R,PRDX2
S3R,PRDX6
S3R,PRMT1
S3R,PRPF8
S3R,PRR9
S3R,PRXL2A
S3R,PSAP
S3R,PSMA6
S3R,PSMB1
S3R,PSMD8
S3R,PSME1
S3R,PTGDS
S3R,PTMA
S3R,PTPA
S3R,PTPRF
S3R,RAB1A
S3R,RACK1
S3R,RALY
S3R,RBM3
S3R,RBM5
S3R,REEP5
S3R,RHOC
S3R,RHOT2
S3R,RNASE1
S3R,ROMO1
S3R,RPL10
S3R,RPL10A
S3R,RPL11
S3R,RPL12
S3R,RPL13
S3R,RPL13A
S3R,RPL14
S3R,RPL15
S3R,RPL17
S3R,RPL18
S3R,RPL18A
S3R,RPL19
S3R,RPL21
S3R,RPL22
S3R,RPL23
S3R,RPL23A
S3R,RPL24
S3R,RPL26
S3R,RPL27
S3R,RPL27A
S3R,RPL28
S3R,RPL29
S3R,RPL3
S3R,RPL30
S3R,RPL31
S3R,RPL32
S3R,RPL34
S3R,RPL35
S3R,RPL35A
S3R,RPL36
S3R,RPL36A
S3R,RPL36AL
S3R,RPL37
S3R,RPL37A
S3R,RPL38
S3R,RPL39
S3R,RPL4
S3R,RPL41
S3R,RPL5
S3R,RPL6
S3R,RPL7
S3R,RPL7A
S3R,RPL8
S3R,RPL9
S3R,RPLP0
S3R,RPLP1
S3R,RPLP2
S3R,RPS10
S3R,RPS11
S3R,RPS12
S3R,RPS13
S3R,RPS14
S3R,RPS15
S3R,RPS15A
S3R,RPS16
S3R,RPS17
S3R,RPS18
S3R,RPS19
S3R,RPS2
S3R,RPS20
S3R,RPS21
S3R,RPS23
S3R,RPS24
S3R,RPS25
S3R,RPS26
S3R,RPS27
S3R,RPS27A
S3R,RPS28
S3R,RPS29
S3R,RPS3
S3R,RPS3A
S3R,RPS4X
S3R,RPS5
S3R,RPS6
S3R,RPS7
S3R,RPS8
S3R,RPS9
S3R,RPSA
S3R,RXRA
S3R,S100A10
S3R,S100A11
S3R,S100A16
S3R,S100A2
S3R,S100A6
S3R,SBSN
S3R,SCGB1B2P
S3R,SDC1
S3R,SDC4
S3R,SELENOM
S3R,SELENOP
S3R,SELENOW
S3R,SERBP1
S3R,SERF2
S3R,SERPINF1
S3R,SERPING1
S3R,SERPINH1
S3R,SF3B1
S3R,SFN
S3R,SFRP2
S3R,SH3BGRL3
S3R,SIVA1
S3R,SLC25A1
S3R,SLC25A3
S3R,SLC25A6
S3R,SLC38A2
S3R,SMARCD2
S3R,SNHG25
S3R,SNHG29
S3R,SNHG5
S3R,SNHG7
S3R,SNHG8
S3R,SNRNP70
S3R,SNU13
S3R,SPARC
S3R,SPG7
S3R,SPINT2
S3R,SPTAN1
S3R,SSR4
S3R,SYNGR2
S3R,SYT8
S3R,TAF10
S3R,TAGLN
S3R,TAGLN2
S3R,TALDO1
S3R,TECR
S3R,TGFBI
S3R,TIMP1
S3R,TIMP2
S3R,TMA7
S3R,TMBIM6
S3R,TMEM134
S3R,TMEM147
S3R,TMEM258
S3R,TMEM259
S3R,TMEM59
S3R,TMEM91
S3R,TMSB10
S3R,TMSB4X
S3R,TOMM6
S3R,TOMM7
S3R,TPI1
S3R,TPM3
S3R,TPSAB1
S3R,TPSB2
S3R,TPT1
S3R,TRAPPC5
S3R,TRIM29
S3R,TRIR
S3R,TRMT112
S3R,TSPO
S3R,TUBA1B
S3R,TUBA1C
S3R,TUBB
S3R,TUBB4B
S3R,TUFM
S3R,TXN
S3R,TXNIP
S3R,UBA52
S3R,UBB
S3R,UBC
S3R,UBE2D3
S3R,UBL5
S3R,UBXN6
S3R,UQCR11
S3R,UQCRC1
S3R,UQCRH
S3R,UQCRQ
S3R,VAMP8
S3R,VAT1
S3R,VCP
S3R,VEGFB
S3R,VIM
S3R,VKORC1
S3R,WDR83OS
S3R,YBX3
S3R,YWHAB
S3R,YWHAQ
S3R,ZFAS1
S3R,ZNF706
nnSVG,SDF4
nnSVG,ACAP3
nnSVG,MXRA8
nnSVG,AURKAIP1
nnSVG,CCNL2
nnSVG,GNB1
nnSVG,RER1
nnSVG,MEGF6
nnSVG,RPL22
nnSVG,PARK7
nnSVG,ENO1
nnSVG,CLSTN1
nnSVG,CTNNBIP1
nnSVG,CAPZB
nnSVG,MICOS10
nnSVG,NBL1
nnSVG,HSPG2
nnSVG,CDC42
nnSVG,C1QA
nnSVG,RPL11
nnSVG,SH3BGRL3
nnSVG,HMGN2
nnSVG,SFN
nnSVG,ATP5IF1
nnSVG,SERINC2
nnSVG,COL16A1
nnSVG,SFPQ
nnSVG,C1orf122
nnSVG,NDUFS5
nnSVG,MACF1
nnSVG,YBX1
nnSVG,ELOVL1
nnSVG,PTPRF
nnSVG,ATP6V0B
nnSVG,RPS8
nnSVG,PRDX1
nnSVG,AKR1A1
nnSVG,UQCRH
nnSVG,PODN
nnSVG,TMEM59
nnSVG,DHCR24
nnSVG,TACSTD2
nnSVG,SERBP1
nnSVG,SRSF11
nnSVG,GNG5
nnSVG,RPL5
nnSVG,SARS
nnSVG,LAMTOR5
nnSVG,RHOC
nnSVG,OLFML3
nnSVG,CSDE1
nnSVG,ATP1A1
nnSVG,TXNIP
nnSVG,MRPS21
nnSVG,ECM1
nnSVG,ENSA
nnSVG,CTSK
nnSVG,PSMB4
nnSVG,S100A10
nnSVG,S100A11
nnSVG,TCHH
nnSVG,FLG2
nnSVG,PRR9
nnSVG,LOR
nnSVG,S100A6
nnSVG,S100A4
nnSVG,S100A2
nnSVG,S100A16
nnSVG,S100A14
nnSVG,S100A13
nnSVG,JTB
nnSVG,RPS27
nnSVG,PMVK
nnSVG,ADAM15
nnSVG,DPM3
nnSVG,MUC1
nnSVG,FDPS
nnSVG,SSR2
nnSVG,LMNA
nnSVG,HDGF
nnSVG,ACKR1
nnSVG,TAGLN2
nnSVG,TSTD1
nnSVG,MGST3
nnSVG,PRDX6
nnSVG,GAS5
nnSVG,SOAT1
nnSVG,GLUL
nnSVG,CFH
nnSVG,PKP1
nnSVG,PHLDA3
nnSVG,CSRP1
nnSVG,CHI3L1
nnSVG,PM20D1
nnSVG,CD34
nnSVG,MIR205HG
nnSVG,NENF
nnSVG,DEGS1
nnSVG,H3F3A
nnSVG,ARF1
nnSVG,GUK1
nnSVG,TOMM20
nnSVG,HNRNPU
nnSVG,RPS7
nnSVG,YWHAQ
nnSVG,LAPTM4A
nnSVG,SDC1
nnSVG,HADHA
nnSVG,OST4
nnSVG,ATRAID
nnSVG,SNX17
nnSVG,ZFP36L2
nnSVG,CALM2
nnSVG,RTN4
nnSVG,RPS27A
nnSVG,RAB1A
nnSVG,PCBP1
nnSVG,NAGK
nnSVG,CCT7
nnSVG,ACTG2
nnSVG,AUP1
nnSVG,TMSB10
nnSVG,MAT2A
nnSVG,VAMP8
nnSVG,VAMP5
nnSVG,SNRNP200
nnSVG,COX5B
nnSVG,RPL31
nnSVG,DBI
nnSVG,MZT2B
nnSVG,ATP5MC3
nnSVG,HNRNPA3
nnSVG,COL3A1
nnSVG,SF3B1
nnSVG,HSPE1
nnSVG,BZW1
nnSVG,EEF1B2
nnSVG,RPL37A
nnSVG,IGFBP5
nnSVG,ARPC2
nnSVG,PNKD
nnSVG,TUBA4A
nnSVG,DES
nnSVG,NCL
nnSVG,PTMA
nnSVG,NDUFA10
nnSVG,COPS9
nnSVG,GPC1
nnSVG,HDLBP
nnSVG,ARPC4
nnSVG,BRK1
nnSVG,RPL32
nnSVG,FBLN2
nnSVG,RPL15
nnSVG,ACAA1
nnSVG,RPSA
nnSVG,RPL14
nnSVG,CTNNB1
nnSVG,NBEAL2
nnSVG,PLXNB1
nnSVG,TMA7
nnSVG,COL7A1
nnSVG,UQCRC1
nnSVG,QARS
nnSVG,LAMB2
nnSVG,RBM5
nnSVG,GNAI2
nnSVG,RPL29
nnSVG,NISCH
nnSVG,TKT
nnSVG,FLNB
nnSVG,MTRNR2L12
nnSVG,TMEM45A
nnSVG,RPL24
nnSVG,CCDC80
nnSVG,FSTL1
nnSVG,NDUFB4
nnSVG,ITGB5
nnSVG,SEC61A1
nnSVG,CNBP
nnSVG,H1FX
nnSVG,ATP1B3
nnSVG,AP2M1
nnSVG,PSMD2
nnSVG,EIF4G1
nnSVG,EIF4A2
nnSVG,CLDN1
nnSVG,APOD
nnSVG,RPL35A
nnSVG,ATP5ME
nnSVG,FGFR3
nnSVG,MXD4
nnSVG,LRPAP1
nnSVG,MRFAP1
nnSVG,S100P
nnSVG,PSAPL1
nnSVG,SOD3
nnSVG,RPL9
nnSVG,HOPX
nnSVG,IGFBP7
nnSVG,CCNI
nnSVG,HNRNPD
nnSVG,HNRNPDL
nnSVG,UBE2D3
nnSVG,RPL34
nnSVG,SNHG8
nnSVG,PGRMC2
nnSVG,NDUFC1
nnSVG,RPS3A
nnSVG,SFRP2
nnSVG,MSMO1
nnSVG,ACSL1
nnSVG,NDUFS6
nnSVG,RPL37
nnSVG,SELENOP
nnSVG,HMGCS1
nnSVG,BTF3
nnSVG,RPS23
nnSVG,COX7C
nnSVG,REEP5
nnSVG,HINT1
nnSVG,PDLIM4
nnSVG,UQCRQ
nnSVG,SKP1
nnSVG,CXCL14
nnSVG,TGFBI
nnSVG,CD14
nnSVG,NDUFA2
nnSVG,CSNK1A1
nnSVG,CD74
nnSVG,RPS14
nnSVG,GPX3
nnSVG,ANXA6
nnSVG,GM2A
nnSVG,SPARC
nnSVG,ATOX1
nnSVG,SLIT3
nnSVG,NPM1
nnSVG,DUSP1
nnSVG,HIGD2A
nnSVG,CLTB
nnSVG,PRELID1
nnSVG,LMAN2
nnSVG,TMED9
nnSVG,NHP2
nnSVG,HNRNPH1
nnSVG,CANX
nnSVG,MGAT1
nnSVG,RACK1
nnSVG,DSP
nnSVG,HLA-A
nnSVG,HLA-E
nnSVG,TUBB
nnSVG,DDR1
nnSVG,CDSN
nnSVG,HLA-C
nnSVG,HLA-B
nnSVG,DDX39B
nnSVG,BAG6
nnSVG,CSNK2B
nnSVG,CLIC1
nnSVG,TNXB
nnSVG,HLA-DRA
nnSVG,HLA-DRB5
nnSVG,HLA-DRB1
nnSVG,HLA-DQB1
nnSVG,HLA-DMA
nnSVG,HLA-DPA1
nnSVG,HLA-DPB1
nnSVG,RPS18
nnSVG,TAPBP
nnSVG,CUTA
nnSVG,HMGA1
nnSVG,RPS10
nnSVG,RPL10A
nnSVG,SRSF3
nnSVG,CDKN1A
nnSVG,PI16
nnSVG,MTCH1
nnSVG,TOMM6
nnSVG,MRPL14
nnSVG,HSP90AB1
nnSVG,ELOVL5
nnSVG,DST
nnSVG,EEF1A1
nnSVG,COX7A2
nnSVG,SNHG5
nnSVG,GJA1
nnSVG,RPS12
nnSVG,PERP
nnSVG,SF3B5
nnSVG,EZR
nnSVG,PSMB1
nnSVG,INTS1
nnSVG,EIF3B
nnSVG,ACTB
nnSVG,RAC1
nnSVG,NDUFA4
nnSVG,TOMM7
nnSVG,GPNMB
nnSVG,HNRNPA2B1
nnSVG,AQP1
nnSVG,MRPS24
nnSVG,AEBP1
nnSVG,PPIA
nnSVG,CHCHD2
nnSVG,EIF4H
nnSVG,GTF2I
nnSVG,MDH2
nnSVG,HSPB1
nnSVG,COL1A2
nnSVG,SEM1
nnSVG,PDAP1
nnSVG,ATP5MF
nnSVG,AZGP1
nnSVG,LAMTOR4
nnSVG,PCOLCE
nnSVG,GNB2
nnSVG,ZNHIT1
nnSVG,FIS1
nnSVG,UPK3BL1
nnSVG,ARF5
nnSVG,ATP6V1F
nnSVG,CALD1
nnSVG,NDUFB2
nnSVG,PIP
nnSVG,GSTK1
nnSVG,ZYX
nnSVG,RARRES2
nnSVG,INSIG1
nnSVG,FDFT1
nnSVG,CTSB
nnSVG,CLU
nnSVG,SARAF
nnSVG,RPS20
nnSVG,SNHG6
nnSVG,RPL7
nnSVG,FABP5
nnSVG,FABP4
nnSVG,UQCRB
nnSVG,RPL30
nnSVG,COX6C
nnSVG,PABPC1
nnSVG,YWHAZ
nnSVG,ZNF706
nnSVG,EIF3E
nnSVG,EIF3H
nnSVG,NDUFB9
nnSVG,NDRG1
nnSVG,LY6D
nnSVG,LY6E
nnSVG,EEF1D
nnSVG,PUF60
nnSVG,PLEC
nnSVG,GRINA
nnSVG,GPAA1
nnSVG,CYC1
nnSVG,CPSF1
nnSVG,VPS28
nnSVG,RPL8
nnSVG,WASHC1
nnSVG,PLIN2
nnSVG,RPS6
nnSVG,AQP3
nnSVG,VCP
nnSVG,TPM2
nnSVG,ANXA1
nnSVG,HNRNPK
nnSVG,NINJ1
nnSVG,SEC61B
nnSVG,KLF4
nnSVG,TXN
nnSVG,ATP6V1G1
nnSVG,GSN
nnSVG,PSMB7
nnSVG,RPL35
nnSVG,RPL12
nnSVG,NIBAN2
nnSVG,ENG
nnSVG,C9orf16
nnSVG,COQ4
nnSVG,SPTAN1
nnSVG,SH3GLB2
nnSVG,CRAT
nnSVG,PTPA
nnSVG,RPL7A
nnSVG,RXRA
nnSVG,EGFL7
nnSVG,SNHG7
nnSVG,RABL6
nnSVG,PHPT1
nnSVG,EDF1
nnSVG,FBXW5
nnSVG,PTGDS
nnSVG,NPDC1
nnSVG,DPP7
nnSVG,SSNA1
nnSVG,TUBB4B
nnSVG,MRPL41
nnSVG,CALML5
nnSVG,CALML3
nnSVG,VIM
nnSVG,CXCL12
nnSVG,PSAP
nnSVG,ANAPC16
nnSVG,RPS24
nnSVG,PLAC9
nnSVG,PRXL2A
nnSVG,GHITM
nnSVG,CDHR1
nnSVG,ADIRF
nnSVG,ACTA2
nnSVG,PGAM1
nnSVG,NDUFB8
nnSVG,OGA
nnSVG,ELOVL3
nnSVG,ATP5MD
nnSVG,COL17A1
nnSVG,PDCD4
nnSVG,ABLIM1
nnSVG,HTRA1
nnSVG,ECHS1
nnSVG,PSMD13
nnSVG,IFITM2
nnSVG,IFITM1
nnSVG,IFITM3
nnSVG,PKP3
nnSVG,RNH1
nnSVG,HRAS
nnSVG,EPS8L2
nnSVG,TALDO1
nnSVG,RPLP2
nnSVG,CD151
nnSVG,POLR2L
nnSVG,CTSD
nnSVG,SYT8
nnSVG,LSP1
nnSVG,CD81
nnSVG,ILK
nnSVG,TAF10
nnSVG,EIF3F
nnSVG,RPL27A
nnSVG,EIF4G2
nnSVG,RPS13
nnSVG,LDHA
nnSVG,CD59
nnSVG,CD44
nnSVG,TIMM10
nnSVG,SERPING1
nnSVG,SELENOH
nnSVG,DDB1
nnSVG,TMEM258
nnSVG,FADS2
nnSVG,FADS1
nnSVG,FTH1
nnSVG,SCGB1D2
nnSVG,SCGB2A2
nnSVG,AHNAK
nnSVG,EEF1G
nnSVG,UBXN1
nnSVG,BSCL2
nnSVG,SLC3A2
nnSVG,RTN3
nnSVG,COX8A
nnSVG,VEGFB
nnSVG,PPP1R14B
nnSVG,ESRRA
nnSVG,PRDX5
nnSVG,SF1
nnSVG,VPS51
nnSVG,TM7SF2
nnSVG,FAU
nnSVG,CAPN1
nnSVG,NEAT1
nnSVG,MALAT1
nnSVG,LTBP3
nnSVG,EHBP1L1
nnSVG,CFL1
nnSVG,DRAP1
nnSVG,CST6
nnSVG,RAB1B
nnSVG,CD248
nnSVG,GRK2
nnSVG,POLD4
nnSVG,PPP1CA
nnSVG,RPS6KB2
nnSVG,TMEM134
nnSVG,GSTP1
nnSVG,NDUFV1
nnSVG,ALDH3B2
nnSVG,NDUFS8
nnSVG,GAL
nnSVG,CCND1
nnSVG,DHCR7
nnSVG,NUMA1
nnSVG,LAMTOR1
nnSVG,RPS3
nnSVG,SERPINH1
nnSVG,DGAT2
nnSVG,TSKU
nnSVG,THRSP
nnSVG,NDUFC2
nnSVG,CRYAB
nnSVG,TIMM8B
nnSVG,NNMT
nnSVG,TAGLN
nnSVG,ATP5MG
nnSVG,RPS25
nnSVG,TRIM29
nnSVG,HSPA8
nnSVG,EI24
nnSVG,APLP2
nnSVG,VWF
nnSVG,CD9
nnSVG,GAPDH
nnSVG,MLF2
nnSVG,PTMS
nnSVG,TPI1
nnSVG,C12orf57
nnSVG,PHB2
nnSVG,C1R
nnSVG,A2M
nnSVG,YBX3
nnSVG,EMP1
nnSVG,H2AFJ
nnSVG,MGP
nnSVG,MGST1
nnSVG,SLC38A2
nnSVG,TUBA1B
nnSVG,TUBA1C
nnSVG,TMBIM6
nnSVG,AQP5
nnSVG,DAZAP2
nnSVG,KRT7
nnSVG,KRT6B
nnSVG,KRT6A
nnSVG,KRT5
nnSVG,KRT71
nnSVG,KRT2
nnSVG,KRT1
nnSVG,KRT79
nnSVG,EIF4B
nnSVG,IGFBP6
nnSVG,PFDN5
nnSVG,PCBP2
nnSVG,ATP5MC2
nnSVG,HNRNPA1
nnSVG,DCD
nnSVG,MUCL1
nnSVG,BLOC1S1
nnSVG,CD63
nnSVG,RPS26
nnSVG,RPL41
nnSVG,MYL6
nnSVG,CS
nnSVG,ATP5F1B
nnSVG,NACA
nnSVG,STAT6
nnSVG,LRP1
nnSVG,DCTN2
nnSVG,NAP1L1
nnSVG,DCN
nnSVG,BTG1
nnSVG,SLC25A3
nnSVG,HSP90B1
nnSVG,MVK
nnSVG,ALDH2
nnSVG,RPL6
nnSVG,PEBP1
nnSVG,RPLP0
nnSVG,COX6A1
nnSVG,DYNLL1
nnSVG,ANAPC5
nnSVG,ARL6IP4
nnSVG,UBC
nnSVG,AACS
nnSVG,SAP18
nnSVG,MRPL57
nnSVG,RPL21
nnSVG,HMGB1
nnSVG,POSTN
nnSVG,TPT1
nnSVG,ITM2B
nnSVG,KLF5
nnSVG,COMMD6
nnSVG,ARGLU1
nnSVG,GAS6
nnSVG,RNASE1
nnSVG,NDRG2
nnSVG,HNRNPC
nnSVG,OXA1L
nnSVG,MRPL52
nnSVG,LRP10
nnSVG,PSME1
nnSVG,PSME2
nnSVG,NEDD8
nnSVG,CTSG
nnSVG,RPS29
nnSVG,RPL36AL
nnSVG,AL627171.2
nnSVG,LGALS3
nnSVG,ZFP36L1
nnSVG,SRSF5
nnSVG,ACOT1
nnSVG,NPC2
nnSVG,CALM1
nnSVG,NDUFB1
nnSVG,IFI27
nnSVG,IFI27L2
nnSVG,EVL
nnSVG,DYNC1H1
nnSVG,HSP90AA1
nnSVG,CKB
nnSVG,ATP5MPL
nnSVG,SIVA1
nnSVG,AHNAK2
nnSVG,CRIP2
nnSVG,CRIP1
nnSVG,SRP14
nnSVG,SPINT1
nnSVG,SERF2
nnSVG,B2M
nnSVG,ANXA2
nnSVG,TPM1
nnSVG,PPIB
nnSVG,RAB11A
nnSVG,RPL4
nnSVG,RPLP1
nnSVG,PKM
nnSVG,ISLR
nnSVG,COX5A
nnSVG,ACSBG1
nnSVG,MORF4L1
nnSVG,CTSH
nnSVG,TMED3
nnSVG,RPS17
nnSVG,MFGE8
nnSVG,IDH2
nnSVG,CIB1
nnSVG,RHOT2
nnSVG,STUB1
nnSVG,TPSB2
nnSVG,TPSAB1
nnSVG,NME3
nnSVG,MRPS34
nnSVG,SPSB3
nnSVG,NDUFB10
nnSVG,RPS2
nnSVG,SNHG9
nnSVG,PKD1
nnSVG,DNASE1L2
nnSVG,ECI1
nnSVG,ATP6V0C
nnSVG,SRRM2
nnSVG,ELOB
nnSVG,HCFC1R1
nnSVG,PPL
nnSVG,MYH11
nnSVG,RPS15A
nnSVG,NUPR1
nnSVG,TUFM
nnSVG,TMEM219
nnSVG,ALDOA
nnSVG,BCL7C
nnSVG,FUS
nnSVG,PYCARD
nnSVG,MMP2
nnSVG,MT2A
nnSVG,MT1E
nnSVG,MT1X
nnSVG,ADGRG1
nnSVG,CIAO2B
nnSVG,ATP6V0D1
nnSVG,COX4I1
nnSVG,CYBA
nnSVG,MVD
nnSVG,APRT
nnSVG,TRAPPC2L
nnSVG,SPG7
nnSVG,RPL13
nnSVG,TCF25
nnSVG,YWHAE
nnSVG,MYO1C
nnSVG,PRPF8
nnSVG,SERPINF1
nnSVG,CLUH
nnSVG,PSMB6
nnSVG,SLC25A11
nnSVG,RNF167
nnSVG,PFN1
nnSVG,RNASEK
nnSVG,C17orf49
nnSVG,ACADVL
nnSVG,GABARAP
nnSVG,EIF5A
nnSVG,TMEM256
nnSVG,EIF4A1
nnSVG,NAA38
nnSVG,ALOX15B
nnSVG,PER1
nnSVG,RPL26
nnSVG,UBB
nnSVG,SNHG29
nnSVG,SREBF1
nnSVG,MFAP4
nnSVG,ALDH3A2
nnSVG,RPL23A
nnSVG,CCL14
nnSVG,PSMB3
nnSVG,RPL23
nnSVG,RPL19
nnSVG,IGFBP4
nnSVG,KRT25
nnSVG,KRT10
nnSVG,KRT15
nnSVG,KRT14
nnSVG,KRT16
nnSVG,KRT17
nnSVG,EIF1
nnSVG,JUP
nnSVG,RAB5C
nnSVG,CAVIN1
nnSVG,RPL27
nnSVG,VAT1
nnSVG,GRN
nnSVG,ATP5MC1
nnSVG,PHB
nnSVG,COL1A1
nnSVG,NME2
nnSVG,MRC2
nnSVG,PSMC5
nnSVG,SMARCD2
nnSVG,SNHG25
nnSVG,DDX5
nnSVG,RPL38
nnSVG,ATP5PD
nnSVG,SUMO2
nnSVG,ITGB4
nnSVG,H3F3B
nnSVG,SRSF2
nnSVG,SEPTIN9
nnSVG,SYNGR2
nnSVG,TIMP2
nnSVG,SLC38A10
nnSVG,ACTG1
nnSVG,P4HB
nnSVG,ARHGDIA
nnSVG,ANAPC11
nnSVG,CENPX
nnSVG,DCXR
nnSVG,GPS1
nnSVG,DUS1L
nnSVG,FASN
nnSVG,MYL12A
nnSVG,MYL12B
nnSVG,NDUFV2
nnSVG,APCDD1
nnSVG,CIDEA
nnSVG,DSC3
nnSVG,DSG1
nnSVG,ATP5F1A
nnSVG,RPL17
nnSVG,CYB5A
nnSVG,BSG
nnSVG,PTBP1
nnSVG,CFD
nnSVG,TMEM259
nnSVG,POLR2E
nnSVG,GPX4
nnSVG,ATP5F1D
nnSVG,CIRBP
nnSVG,NDUFS7
nnSVG,RPS15
nnSVG,UQCR11
nnSVG,ABHD17A
nnSVG,OAZ1
nnSVG,LSM7
nnSVG,TIMM13
nnSVG,TLE5
nnSVG,MFSD12
nnSVG,HMG20B
nnSVG,EEF2
nnSVG,MAP2K2
nnSVG,UBXN6
nnSVG,MYDGF
nnSVG,PLIN3
nnSVG,RPL36
nnSVG,MICOS13
nnSVG,NDUFA11
nnSVG,ALKBH7
nnSVG,C3
nnSVG,PET100
nnSVG,TRAPPC5
nnSVG,CERS4
nnSVG,NDUFA7
nnSVG,RPS28
nnSVG,UBL5
nnSVG,EIF3G
nnSVG,CDC37
nnSVG,SLC44A2
nnSVG,ILF3
nnSVG,DNM2
nnSVG,PRKCSH
nnSVG,WDR83OS
nnSVG,TRIR
nnSVG,PRDX2
nnSVG,CALR
nnSVG,GADD45GIP1
nnSVG,C19orf53
nnSVG,TECR
nnSVG,NDUFB7
nnSVG,ILVBL
nnSVG,NOTCH3
nnSVG,TPM4
nnSVG,PGLS
nnSVG,RPL18A
nnSVG,JUND
nnSVG,LSM4
nnSVG,FKBP8
nnSVG,UBA52
nnSVG,REX1BD
nnSVG,COPE
nnSVG,NDUFA13
nnSVG,UQCRFS1
nnSVG,CEBPA
nnSVG,GPI
nnSVG,SCGB1B2P
nnSVG,FXYD3
nnSVG,KRTDAP
nnSVG,DMKN
nnSVG,SBSN
nnSVG,TMEM147
nnSVG,COX6B1
nnSVG,POLR2I
nnSVG,CAPNS1
nnSVG,COX7A1
nnSVG,SPINT2
nnSVG,C19orf33
nnSVG,PSMD8
nnSVG,EIF3K
nnSVG,ACTN4
nnSVG,LGALS7
nnSVG,LGALS7B
nnSVG,ECH1
nnSVG,HNRNPL
nnSVG,RPS16
nnSVG,FBL
nnSVG,PLD3
nnSVG,BLVRB
nnSVG,LTBP4
nnSVG,HNRNPUL1
nnSVG,TMEM91
nnSVG,RPS19
nnSVG,RABAC1
nnSVG,LYPD3
nnSVG,APOE
nnSVG,APOC1
nnSVG,TRAPPC6A
nnSVG,SNRPD2
nnSVG,AP2S1
nnSVG,NAPA
nnSVG,EHD2
nnSVG,NOP53
nnSVG,SELENOW
nnSVG,EMP3
nnSVG,RPL18
nnSVG,BCAT2
nnSVG,FTL
nnSVG,SNRNP70
nnSVG,RPL13A
nnSVG,RPS11
nnSVG,FCGRT
nnSVG,PRMT1
nnSVG,ETFB
nnSVG,PPP2R1A
nnSVG,NDUFA3
nnSVG,RPS9
nnSVG,PPP1R12C
nnSVG,RPL28
nnSVG,RPS5
nnSVG,TRIM28
nnSVG,CHMP2A
nnSVG,UBE2M
nnSVG,FKBP1A
nnSVG,SNRPB
nnSVG,MRPS26
nnSVG,DSTN
nnSVG,CST3
nnSVG,APMAP
nnSVG,PYGB
nnSVG,ID1
nnSVG,RALY
nnSVG,ACSS2
nnSVG,EIF6
nnSVG,ERGIC3
nnSVG,ROMO1
nnSVG,RBM39
nnSVG,SCAND1
nnSVG,NORAD
nnSVG,MYL9
nnSVG,CCN5
nnSVG,YWHAB
nnSVG,SLPI
nnSVG,SDC4
nnSVG,PIGT
nnSVG,CTSA
nnSVG,ZFAS1
nnSVG,CEBPB
nnSVG,GNAS
nnSVG,ATP5F1E
nnSVG,PSMA7
nnSVG,ADRM1
nnSVG,LAMA5
nnSVG,RPS21
nnSVG,PPDPF
nnSVG,ATP5PF
nnSVG,SOD1
nnSVG,ATP5PO
nnSVG,PDXK
nnSVG,CSTB
nnSVG,AGPAT3
nnSVG,PFKL
nnSVG,COL18A1
nnSVG,COL6A1
nnSVG,COL6A2
nnSVG,SLC25A1
nnSVG,CLDN5
nnSVG,CHCHD10
nnSVG,MIF
nnSVG,DDT
nnSVG,UQCR10
nnSVG,SMTN
nnSVG,SELENOM
nnSVG,TIMP3
nnSVG,MYH9
nnSVG,LGALS1
nnSVG,EIF3L
nnSVG,DDX17
nnSVG,RPL3
nnSVG,ATF4
nnSVG,RPS19BP1
nnSVG,ST13
nnSVG,RBX1
nnSVG,SNU13
nnSVG,SMDT1
nnSVG,NDUFA6
nnSVG,CYB5R3
nnSVG,TSPO
nnSVG,KIAA0930
nnSVG,FBLN1
nnSVG,PLXNB2
nnSVG,LMF2
nnSVG,TYMP
nnSVG,SLC25A6
nnSVG,CD99
nnSVG,TMSB4X
nnSVG,SAT1
nnSVG,EIF2S3
nnSVG,DDX3X
nnSVG,NDUFB11
nnSVG,UBA1
nnSVG,TIMP1
nnSVG,UXT
nnSVG,EBP
nnSVG,RBM3
nnSVG,WDR13
nnSVG,PLP2
nnSVG,MAGED2
nnSVG,AWAT2
nnSVG,RPS4X
nnSVG,XIST
nnSVG,COX7B
nnSVG,PGK1
nnSVG,RPL36A
nnSVG,PGRMC1
nnSVG,SLC25A5
nnSVG,RPL39
nnSVG,NDUFA1
nnSVG,BCAP31
nnSVG,SSR4
nnSVG,FLNA
nnSVG,RPL10
nnSVG,MT-ND1
nnSVG,MT-ND2
nnSVG,MT-CO1
nnSVG,MT-CO2
nnSVG,MT-ATP6
nnSVG,MT-CO3
nnSVG,MT-ND3
nnSVG,MT-ND4L
nnSVG,MT-ND4
nnSVG,MT-ND5
nnSVG,MT-CYB
moran_I,IFI27L2
moran_I,COX7A1
moran_I,CD151
moran_I,SQSTM1
moran_I,MYL12A
moran_I,TAF10
moran_I,PSMD2
moran_I,DYNLL1
moran_I,MAGED2
moran_I,CSNK1A1
moran_I,SEM1
moran_I,CTSK
moran_I,SOAT1
moran_I,PRPF8
moran_I,TCHH
moran_I,EZR
moran_I,MGST3
moran_I,ARL2
moran_I,BSG
moran_I,NBL1
moran_I,TRAPPC2L
moran_I,RHOT2
moran_I,HRAS
moran_I,PDGFRB
moran_I,TUFM
moran_I,FKBP8
moran_I,SF1
moran_I,TUBB4B
moran_I,SH3BGRL3
moran_I,NUMA1
moran_I,CYC1
moran_I,EEF1B2
moran_I,RPS5
moran_I,KRT15
moran_I,PSMB6
moran_I,HLA-DMA
moran_I,CTSA
moran_I,UBXN6
moran_I,RHOC
moran_I,GAS5
moran_I,RPL28
moran_I,ESRRA
moran_I,HMGCS1
moran_I,UPK3BL1
moran_I,FLG2
moran_I,NINJ1
moran_I,SEC61B
moran_I,MVD
moran_I,ATP6V1F
moran_I,MT-ND5
moran_I,PPP1R14B
moran_I,CXCL14
moran_I,PFDN5
moran_I,CHMP2A
moran_I,MFGE8
moran_I,RPS18
moran_I,DSC3
moran_I,RPS28
moran_I,NAA38
moran_I,DUS1L
moran_I,PSMB7
moran_I,FTL
moran_I,SERINC2
moran_I,RPL3
moran_I,SDC1
moran_I,MT2A
moran_I,FAU
moran_I,CD63
moran_I,GNB2
moran_I,UBL5
moran_I,NRBP1
moran_I,SLC25A1
moran_I,SLPI
moran_I,VAMP8
moran_I,UQCR11
moran_I,ADAM15
moran_I,EGFL7
moran_I,ACAP3
moran_I,HOPX
moran_I,PGLS
moran_I,EHBP1L1
moran_I,NCL
moran_I,KLF4
moran_I,SOD1
moran_I,NIBAN2
moran_I,CDHR1
moran_I,ILK
moran_I,ALDH3A2
moran_I,TGFBI
moran_I,KRT25
moran_I,ATP5ME
moran_I,KRT6A
moran_I,PLEC
moran_I,FCGRT
moran_I,PLP2
moran_I,UBE2D3
moran_I,COX5A
moran_I,MTRNR2L1
moran_I,ANXA11
moran_I,PSAPL1
moran_I,IGFBP6
moran_I,PM20D1
moran_I,CD59
moran_I,YWHAB
moran_I,ERGIC3
moran_I,SPTAN1
moran_I,NDUFA11
moran_I,HSPG2
moran_I,RAB1B
moran_I,B2M
moran_I,HSP90B1
moran_I,SLC38A10
moran_I,CCNL2
moran_I,ATP5MD
moran_I,YWHAE
moran_I,NDUFC2
moran_I,MRPL41
spark,RPL31
spark,RPS6KB2
spark,RPL5
spark,QARS
spark,MRPS21
spark,NDUFC1
spark,RPL35A
spark,VIM
spark,H1FX
spark,CRAT
spark,RAC1
spark,CDHR1
spark,LAMTOR4
spark,RPS14
spark,GNB2
spark,S100A11
spark,DDR1
spark,CANX
spark,PM20D1
spark,RPLP2
spark,HLA-DPA1
spark,ATRAID
spark,RPS20
spark,NHP2
spark,MEGF6
spark,PMVK
spark,GTF2I
spark,LAMB2
spark,TPM2
spark,RPS3A
spark,NINJ1
spark,PI16
spark,EZR
spark,TACSTD2
spark,GUK1
spark,HMGN2
spark,GM2A
spark,PKP3
spark,AUP1
spark,TIMM10
spark,HNRNPH1
spark,RTN3
spark,RPL32
spark,NDUFB2
spark,COX7C
spark,PLIN2
spark,AQP3
spark,COL3A1
spark,DPM3
spark,GSTK1
spark,EDF1
spark,CD34
spark,ILK
spark,HNRNPA2B1
spark,CSDE1
spark,SOD3
spark,CYC1
spark,EEF1D
spark,MGAT1
spark,FTH1
spark,TUBA4A
spark,PKP1
spark,UQCRH
spark,RPS18
spark,CCNL2
spark,CHI3L1
spark,UBXN1
spark,MIR205HG
spark,NEAT1
spark,PTMA
spark,MZT2B
spark,UBE2D3
spark,TAF10
spark,UQCRC1
spark,SH3GLB2
spark,EIF4G1
spark,RARRES2
spark,MSMO1
spark,CXCL12
spark,CLSTN1
spark,RER1
spark,HLA-DPB1
spark,LMAN2
spark,FSTL1
spark,NENF
spark,UQCRB
spark,CFH
spark,PSMB1
spark,SFPQ
spark,SSR2
spark,ACSL1
spark,PTGDS
spark,RPS23
spark,FBXW5
spark,ABLIM1
spark,NBEAL2
spark,FGFR3
spark,RPL15
spark,CD14
spark,EEF1A1
spark,CNBP
spark,NDUFB9
spark,GAS5
spark,ZNHIT1
spark,NDUFS6
spark,EGFL7
spark,ATP6V1F
spark,LSP1
spark,PODN
spark,FIS1
spark,S100A13
spark,SDC1
spark,PABPC1
spark,CD81
spark,PSMD13
spark,RPSA
spark,ELOVL1
spark,CLTB
spark,RPL22
spark,CD248
spark,CST6
spark,BSCL2
spark,FAU
spark,TMA7
spark,RPS12
spark,SPTAN1
spark,S100A14
spark,HNRNPA3
spark,HNRNPD
spark,NCL
spark,MXRA8
spark,C1QA
spark,ARPC2
spark,POLD4
spark,FDPS
spark,DSP
spark,COL1A2
spark,AP2M1
spark,SARAF
spark,ITGB5
spark,RPS13
spark,S100A2
spark,IGFBP7
spark,SF3B1
spark,CALML3
spark,RPL14
spark,HLA-DMA
spark,RABL6
spark,NDUFA10
spark,TNXB
spark,HINT1
spark,RPL7A
spark,ACAA1
spark,PDAP1
spark,CDC42
spark,EIF4G2
spark,SH3BGRL3
spark,ATP5MC3
spark,SKP1
spark,INTS1
spark,RPS6
spark,FDFT1
spark,NDUFA4
spark,ARPC4
spark,PRELID1
spark,FLNB
spark,UPK3BL1
spark,APOD
spark,HOPX
spark,FADS1
spark,MICOS10
spark,ENSA
spark,MUC1
spark,RPL37
spark,TMEM59
spark,GPAA1
spark,DDX39B
spark,PRXL2A
spark,SEC61A1
spark,SFRP2
spark,PDCD4
spark,AHNAK
spark,S100A16
spark,ARF1
spark,PPIA
spark,DEGS1
spark,HRAS
spark,CSNK1A1
spark,MTCH1
spark,HLA-E
spark,HTRA1
spark,EIF3E
spark,DUSP1
spark,SERBP1
spark,TCHH
spark,LRPAP1
spark,ATP5MD
spark,HLA-DRB5
spark,DRAP1
spark,ENG
spark,GAL
spark,RPL30
spark,ALDH3B2
spark,RTN4
spark,RPL11
spark,HMGCS1
spark,CCT7
spark,CDSN
spark,ZNF706
spark,PERP
spark,EIF3B
spark,GSTP1
spark,ATP6V1G1
spark,NPM1
spark,EIF3F
spark,EPS8L2
spark,C1orf122
spark,COX8A
spark,SOAT1
spark,NDUFA2
spark,RPS7
spark,LTBP3
spark,COL16A1
spark,AEBP1
spark,RPL29
spark,LDHA
spark,VPS51
spark,ANAPC16
spark,PDLIM4
spark,ADIRF
spark,LAPTM4A
spark,MRPL14
spark,PHLDA3
spark,CD44
spark,NISCH
spark,RXRA
spark,CALML5
spark,RHOC
spark,YWHAQ
spark,PGRMC2
spark,SNHG5
spark,CCNI
spark,PRR9
spark,VCP
spark,GPC1
spark,COPS9
spark,TGFBI
spark,PPP1R14B
spark,PLEC
spark,TXN
spark,PTPA
spark,ATP5MF
spark,VAMP5
spark,MTRNR2L12
spark,VPS28
spark,TMSB10
spark,HLA-DRA
spark,TKT
spark,RPL35
spark,RPS8
spark,HLA-DQB1
spark,YBX1
spark,NPDC1
spark,SCGB1D2
spark,NDRG1
spark,RPL12
spark,ENO1
spark,RPL24
spark,RPL7
spark,RAB1A
spark,TMEM258
spark,FLG2
spark,GPX3
spark,HLA-DRB1
spark,CXCL14
spark,TM7SF2
spark,GRK2
spark,PLXNB1
spark,HNRNPU
spark,EIF4H
spark,ESRRA
spark,ELOVL3
spark,CTSD
spark,TUBB4B
spark,PRDX6
spark,HSP90AB1
spark,TMED9
spark,S100A4
spark,S100A6
spark,HMGA1
spark,COL17A1
spark,RACK1
spark,SRSF11
spark,ACTA2
spark,SEC61B
spark,VAMP8
spark,MACF1
spark,MAT2A
spark,CTNNB1
spark,SSNA1
spark,CALD1
spark,PARK7
spark,HLA-A
spark,RBM5
spark,SDF4
spark,CUTA
spark,CDKN1A
spark,TSTD1
spark,MXD4
spark,COX6C
spark,PRDX5
spark,AZGP1
spark,FBLN2
spark,ECM1
spark,CSNK2B
spark,CSRP1
spark,HLA-B
spark,GRINA
spark,ACAP3
spark,PLAC9
spark,ACKR1
spark,UQCRQ
spark,IFITM3
spark,CCND1
spark,SELENOH
spark,MRPL41
spark,TALDO1
spark,S100A10
spark,GNB1
spark,DST
spark,DBI
spark,TAPBP
spark,HIGD2A
spark,FABP5
spark,PSAPL1
spark,RPL9
spark,PTPRF
spark,CHCHD2
spark,DDB1
spark,FADS2
spark,IFITM2
spark,LMNA
spark,CTSK
spark,SERINC2
spark,SARS
spark,TUBB
spark,CLIC1
spark,JTB
spark,COQ4
spark,ECHS1
spark,RPL34
spark,TOMM7
spark,REEP5
spark,GPNMB
spark,HSPE1
spark,SRSF3
spark,SF1
spark,COX5B
spark,TMEM134
spark,SYT8
spark,ADAM15
spark,SPARC
spark,INSIG1
spark,HNRNPDL
spark,HLA-C
spark,SNHG6
spark,KLF4
spark,PSMB7
spark,HNRNPK
spark,SF3B5
spark,OST4
spark,ATP6V0B
spark,RPL37A
spark,SNHG8
spark,COL7A1
spark,EHBP1L1
spark,NAGK
spark,NDUFS5
spark,GNAI2
spark,LY6E
spark,SLC3A2
spark,COX7A2
spark,PUF60
spark,DHCR7
spark,IGFBP5
spark,GHITM
spark,SLIT3
spark,PSAP
spark,NDUFV1
spark,CD151
spark,RPS10
spark,GLUL
spark,RPS24
spark,SEM1
spark,AKR1A1
spark,CTSB
spark,LY6D
spark,VEGFB
spark,EEF1B2
spark,YWHAZ
spark,HADHA
spark,ATP1B3
spark,ATP5ME
spark,MGST3
spark,CLDN1
spark,PIP
spark,ANXA6
spark,SERPING1
spark,RPL27A
spark,ATP1A1
spark,CAPN1
spark,RNH1
spark,HDLBP
spark,DPP7
spark,PCBP1
spark,FABP4
spark,ATP5IF1
spark,PRDX1
spark,WASHC1
spark,H3F3A
spark,ACTB
spark,EIF4A2
spark,PCOLCE
spark,ARF5
spark,IFITM1
spark,BRK1
spark,ELOVL5
spark,DHCR24
spark,MRFAP1
spark,LOR
spark,RPL10A
spark,ATOX1
spark,GSN
spark,SFN
spark,NDUFB8
spark,BZW1
spark,HSPB1
spark,NDUFB4
spark,POLR2L
spark,PSMD2
spark,OLFML3
spark,S100P
spark,MALAT1
spark,PPP1CA
spark,TMEM45A
spark,PHPT1
spark,SNX17
spark,HDGF
spark,EEF1G
spark,CCDC80
spark,CFL1
spark,CPSF1
spark,TAGLN2
spark,PGAM1
spark,SNHG7
spark,AURKAIP1
spark,CD59
spark,OGA
spark,DES
spark,AQP1
spark,CD74
spark,CALM2
spark,SELENOP
spark,RAB1B
spark,RPL8
spark,CLU
spark,ANXA1
spark,TOMM20
spark,GJA1
spark,CAPZB
spark,MDH2
spark,BAG6
spark,ACTG2
spark,ZFP36L2
spark,LAMTOR5
spark,NBL1
spark,HSPG2
spark,BTF3
spark,MRPS24
spark,GNG5
spark,TOMM6
spark,SCGB2A2
spark,NDUFS8
spark,EIF3H
spark,TXNIP
spark,NIBAN2
spark,RPS27
spark,RPS27A
spark,SNRNP200
spark,PNKD
spark,C9orf16
spark,CTNNBIP1
spark,PSMB4
spark,ZYX
