"","x","y","cluster","x_new","y_new"
"AAACAACGAATAGTTC-1",2514,3276,"Layer1",3276,-2514
"AAACTAACGTGGCGAC-1",3491,9744,"Layer1",9744,-3491
"AACAGGAAATCGAATA-1",4321,6781,"Layer1",6781,-4321
"AACATATCAACTGGTG-1",5765,8980,"Layer1",8980,-5765
"AACTGAGGTCAGCGTC-1",3611,9812,"Layer1",9812,-3611
"AACTTTCTCGATCATG-1",5171,10703,"Layer1",10703,-5171
"ACAAACCGACAAGGCG-1",2526,7544,"Layer1",7544,-2526
"ACCACCCTCTCTTCTA-1",5290,10496,"Layer1",10496,-5290
"ACGCCAGATGATTTCT-1",4562,7194,"Layer1",7194,-4562
"AGAGCGCTTGTAACGG-1",4812,10910,"Layer1",10910,-4812
"AGCGCGGGTGCCAATG-1",5404,8499,"Layer1",8499,-5404
"AGCGTAGCGCTAGACC-1",2875,3894,"Layer1",3894,-2875
"ATCTTGACTTGTCCAA-1",6126,9598,"Layer1",9598,-6126
"ATCTTTCGTATAACCA-1",5649,10426,"Layer1",10426,-5649
"ATTCAGGATCGCCTCT-1",2648,8163,"Layer1",8163,-2648
"CAAATGCGGAGTGTTC-1",2522,6167,"Layer1",6167,-2522
"CAACACATCTCCTGCC-1",6368,10424,"Layer1",10424,-6368
"CAAGGGAGTGTATTTG-1",2634,3344,"Layer1",3344,-2634
"CAATGAGGTTCGACTA-1",6008,10356,"Layer1",10356,-6008
"CAGGTTTAGTACTACA-1",4093,10775,"Layer1",10775,-4093
"CATGGAAATGGGACCA-1",3250,9332,"Layer1",9332,-3250
"CCAAGCTTGATCTCCT-1",2514,3414,"Layer1",3414,-2514
"CCTAAGTGTCTAACCG-1",2754,3688,"Layer1",3688,-2754
"CCTACTGCGGCGGCCA-1",5171,10840,"Layer1",10840,-5171
"CCTATCTATATCGGAA-1",4802,7468,"Layer1",7468,-4802
"CCTCACCTGAGGGAGC-1",5885,9186,"Layer1",9186,-5885
"CGACTCAGGATGTTAT-1",5283,8293,"Layer1",8293,-5283
"CGATCATTAGAGGCAC-1",3973,10569,"Layer1",10569,-3973
"CGTTTAAGCGGAGCAC-1",4080,6231,"Layer1",6231,-4080
"CTAGGCGGCAGAGAAT-1",2996,4376,"Layer1",4376,-2996
"CTCGGGCATCGTCGGG-1",2524,6855,"Layer1",6855,-2524
"CTGCAAATGGGCTCCA-1",2523,6580,"Layer1",6580,-2523
"CTGCCTCATATGCAAC-1",6488,10492,"Layer1",10492,-6488
"GAGCGCTATGTCAGGC-1",2514,3551,"Layer1",3551,-2514
"GAGGTCTTAGTGGGTC-1",2889,8713,"Layer1",8713,-2889
"GAGTGCACGGACAACA-1",5052,10910,"Layer1",10910,-5052
"GATGATTTGAAACTGG-1",2517,4515,"Layer1",4515,-2517
"GATGCCACACTACAGC-1",2518,4790,"Layer1",4790,-2518
"GATTTAGTGCGTACTG-1",4333,10912,"Layer1",10912,-4333
"GCCTGCTACACTGAGA-1",3490,9469,"Layer1",9469,-3490
"GGCCCGTATACCATGC-1",5769,10357,"Layer1",10357,-5769
"GGCGAACCGTTCTGAT-1",4572,10911,"Layer1",10911,-4572
"GGGTTTCCGGCTTCCA-1",2513,3138,"Layer1",3138,-2513
"GGTACCATTAAGACGG-1",6005,9392,"Layer1",9392,-6005
"GGTGGACCACGTGTTA-1",3370,9400,"Layer1",9400,-3370
"GTAACAACTGACCTTG-1",3852,10362,"Layer1",10362,-3852
"GTATCTTGTTGCTCAC-1",2521,5892,"Layer1",5892,-2521
"GTCTCGATCTGCTTTC-1",4922,7674,"Layer1",7674,-4922
"GTCTCGCCAACACGCC-1",2525,7131,"Layer1",7131,-2525
"GTGACGAGGGTGACCC-1",6367,10011,"Layer1",10011,-6367
"GTGCAACAAATGTGGC-1",4200,6438,"Layer1",6438,-4200
"GTGCACGAAAGTGACT-1",4561,7056,"Layer1",7056,-4561
"GTGCGCTTACAAATGA-1",2520,5341,"Layer1",5341,-2520
"TAAAGGAGAAACTAGT-1",2525,7269,"Layer1",7269,-2525
"TAAATCTTTACACCTC-1",5409,10427,"Layer1",10427,-5409
"TAATCGATCCGTACGT-1",5524,8568,"Layer1",8568,-5524
"TACGGGATGCTAGCAG-1",5043,7881,"Layer1",7881,-5043
"TATTGACATTTCTGCC-1",6726,10216,"Layer1",10216,-6726
"TCACTCAGCGCATTAG-1",2519,5203,"Layer1",5203,-2519
"TCCGAGAAGGCTAAGC-1",3238,5064,"Layer1",5064,-3238
"TCGATAGGCTAGTCGC-1",3478,5476,"Layer1",5476,-3478
"TCGGGAACGTGCCTAG-1",6246,9667,"Layer1",9667,-6246
"TCGTATAGTGCAATTA-1",3959,6025,"Layer1",6025,-3959
"TCTTATGGGTAGTACC-1",2521,5754,"Layer1",5754,-2521
"TCTTTAGCAGGCGAAC-1",6606,10148,"Layer1",10148,-6606
"TGAAACCTCAACTCAC-1",2516,4102,"Layer1",4102,-2516
"TGCAAACCCACATCAA-1",2515,3827,"Layer1",3827,-2515
"TGCCATGGCTTATAAG-1",3009,8782,"Layer1",8782,-3009
"TGCGAGATGGCGGCCA-1",3851,10087,"Layer1",10087,-3851
"TGGCAACTCGCGCGCC-1",5163,8087,"Layer1",8087,-5163
"TGGCACGAGCTCGAGT-1",3129,8988,"Layer1",8988,-3129
"TGGGTGGGATGTCATT-1",3731,9881,"Layer1",9881,-3731
"TGTACGCTATCAGCTT-1",2527,7957,"Layer1",7957,-2527
"TTAATCAGTACGTCAG-1",4682,7400,"Layer1",7400,-4682
"TTACAGACCTAAATGA-1",5644,8774,"Layer1",8774,-5644
"TTACGGTGTCACCGAG-1",3117,4720,"Layer1",4720,-3117
"TTATGCGTCCCGGTCC-1",3358,5270,"Layer1",5270,-3358
"TTATTTCATCCCAAAC-1",2634,3482,"Layer1",3482,-2634
"TTCCCGACGCTTCACT-1",2648,8301,"Layer1",8301,-2648
"TTGACGATTCAGCACG-1",3599,5682,"Layer1",5682,-3599
"TTGCTAGCTACCAATC-1",2876,4170,"Layer1",4170,-2876
"TTGGCGATCCGAATAT-1",6727,10492,"Layer1",10492,-6727
"AAAGGTCAACGACATG-1",2533,9884,"Layer3",9884,-2533
"AAATCACTCCTAAACG-1",2535,10573,"Layer3",10573,-2535
"AACGATAGAAGGGCCG-1",4318,5818,"Layer3",5818,-4318
"AACTCGATAAACACGT-1",2992,2999,"Layer3",2999,-2992
"AACTGGGTCCCGACGT-1",4919,6711,"Layer3",6711,-4919
"AAGAGATGAATCGGTA-1",5750,4024,"Layer3",4024,-5750
"AATGACGTAGGATGTC-1",7797,7528,"Layer3",7528,-7797
"ACACATTGACGCAACA-1",3470,2722,"Layer3",2722,-3470
"ACACCCGTAAATCTGT-1",2536,10848,"Layer3",10848,-2536
"ACAGTGCAGCGCATTT-1",2534,10160,"Layer3",10160,-2534
"ACATCGTATGCAATGG-1",7917,7734,"Layer3",7734,-7917
"ACGTTAATGTCGAAGA-1",7435,6910,"Layer3",6910,-7435
"ACTTCCTGTCGTGCGA-1",2535,10435,"Layer3",10435,-2535
"ACTTGACTCCCTCTTT-1",7556,7116,"Layer3",7116,-7556
"AGAATTATGGATTCGA-1",6363,8909,"Layer3",8909,-6363
"AGAGGCTTCGGAAACC-1",8640,9109,"Layer3",9109,-8640
"AGATTATAGGACGTTT-1",6833,5879,"Layer3",5879,-6833
"AGCCGCTTGATTAGCG-1",3828,2239,"Layer3",2239,-3828
"AGGGACCGGCTGCGTT-1",6845,9734,"Layer3",9734,-6845
"AGGTTGAGGCACGCTT-1",5161,7261,"Layer3",7261,-5161
"AGTACGGGCACCTGGC-1",5521,7604,"Layer3",7604,-5521
"AGTCAAGATGACACTT-1",8278,8353,"Layer3",8353,-8278
"AGTTCACCGGTTGGAC-1",4908,2718,"Layer3",2718,-4908
"ATAGACGAAGAGAAAG-1",6472,5261,"Layer3",5261,-6472
"ATAGGGATATCCTTGA-1",5040,7055,"Layer3",7055,-5040
"ATCTAACGTCCCTATG-1",3589,2378,"Layer3",2378,-3589
"ATCTCATAAACCTACC-1",2532,9334,"Layer3",9334,-2532
"ATGAGGGCAGCGGCTA-1",7566,10420,"Layer3",10420,-7566
"ATGTCATTTCCCATTG-1",4667,2443,"Layer3",2443,-4667
"ATTCCCACATAAACAA-1",5630,3817,"Layer3",3817,-5630
"CAAAGGTTAAATTCAG-1",3133,10089,"Layer3",10089,-3133
"CAAGAAACCCTAAACT-1",3373,10501,"Layer3",10501,-3373
"CAATACGAGAGTCTGA-1",7805,10420,"Layer3",10420,-7805
"CAATGGATCTCTACCA-1",5882,8085,"Layer3",8085,-5882
"CACAGTTCGCTTCCCA-1",9002,10003,"Layer3",10003,-9002
"CACCGTATCCCATCCG-1",8760,9315,"Layer3",9315,-8760
"CACCTCTACGAGTGTG-1",2534,10297,"Layer3",10297,-2534
"CACTAAAGTTGCCTAT-1",6713,5673,"Layer3",5673,-6713
"CACTTAATCAGACGGA-1",6593,5467,"Layer3",5467,-6593
"CAGTAGATGATGTCCG-1",4547,2237,"Layer3",2237,-4547
"CATACGGCGTCTGGGC-1",7195,6498,"Layer3",6498,-7195
"CATACGGGTGCATGAT-1",3113,3343,"Layer3",3343,-3113
"CATACTTAGGCAATAC-1",6965,9940,"Layer3",9940,-6965
"CATGAACCGACATTTG-1",3837,5131,"Layer3",5131,-3837
"CATGATGCACAATTCT-1",5040,6917,"Layer3",6917,-5040
"CATGGCAGGAAGATCG-1",4558,6092,"Layer3",6092,-4558
"CCACAGTACCCATCCT-1",8279,8491,"Layer3",8491,-8279
"CCACATACTGCACCCA-1",8763,10279,"Layer3",10279,-8763
"CCACGGTGCCCGGTAG-1",6724,9528,"Layer3",9528,-6724
"CCATTAGCGATAATCC-1",6352,5054,"Layer3",5054,-6352
"CCCTGAAATGAGTTGA-1",6232,4848,"Layer3",4848,-6232
"CCGCCGTTGAGGATAA-1",7925,10350,"Layer3",10350,-7925
"CCGGTAATGGCTAGTC-1",7085,10009,"Layer3",10009,-7085
"CGACACGGATGCCCAC-1",3375,10915,"Layer3",10915,-3375
"CGAGCGTTGATCAGCC-1",3957,5337,"Layer3",5337,-3957
"CGCATGGTGCGATGCT-1",7315,6704,"Layer3",6704,-7315
"CGCCCTTGAAGGCTGA-1",5389,3543,"Layer3",3543,-5389
"CGCCGGTGTCGCAGTA-1",3614,10914,"Layer3",10914,-3614
"CGCTATTCTTAGGCTC-1",7074,6291,"Layer3",6291,-7074
"CGGAGTCCTAACCTGG-1",2531,9196,"Layer3",9196,-2531
"CGTCCAGATGGCTCCA-1",3948,2170,"Layer3",2170,-3948
"CGTCTCTCGCCGAGGC-1",3135,10915,"Layer3",10915,-3135
"CTAGATAAACTCCTCG-1",3354,3893,"Layer3",3893,-3354
"CTAGCGCCAATCCTAC-1",2534,10022,"Layer3",10022,-2534
"CTCCTGTTCAAGGCAG-1",9122,10209,"Layer3",10209,-9122
"CTGGCTCCTGCGGGAT-1",3354,4031,"Layer3",4031,-3354
"CTTGTGAGGACAGCGG-1",3231,2861,"Layer3",2861,-3231
"GAAATTCACATCGCTG-1",4078,5543,"Layer3",5543,-4078
"GAACGACCGAATGATA-1",4799,6505,"Layer3",6505,-4799
"GAATTTCTCGCTGCAG-1",5870,4230,"Layer3",4230,-5870
"GATCGCTACCCGATTT-1",8519,8903,"Layer3",8903,-8519
"GATCTCGACGCTGTGG-1",8523,10280,"Layer3",10280,-8523
"GATCTTAGTGAACGTG-1",2896,10916,"Layer3",10916,-2896
"GATGCCAGCAGAAGGC-1",5269,3337,"Layer3",3337,-5269
"GATGCGTCCTGCATTC-1",6954,6085,"Layer3",6085,-6954
"GATGCTGTATTTCATC-1",7676,7322,"Layer3",7322,-7676
"GATGGTGAAATAACCC-1",3253,10295,"Layer3",10295,-3253
"GATTCCTATACGGCGC-1",5510,3749,"Layer3",3749,-5510
"GCATAAATTGAACGCC-1",3494,10845,"Layer3",10845,-3494
"GCCACTCCTTACGGTA-1",9122,10347,"Layer3",10347,-9122
"GCTGAACTCTCCAGGG-1",7326,10421,"Layer3",10421,-7326
"GCTTTGCTGCCGGGTA-1",2656,10917,"Layer3",10917,-2656
"GGAAGATAAGACTGTA-1",3494,10708,"Layer3",10708,-3494
"GGAGCACCAAGAACTA-1",5641,7810,"Layer3",7810,-5641
"GGGTCATGCGTACCAT-1",5148,3130,"Layer3",3130,-5148
"GGTGAACGGGCTAGCC-1",3475,4374,"Layer3",4374,-3475
"GGTTAGCTATATGTCT-1",8158,8147,"Layer3",8147,-8158
"GGTTCGATGCTGAGTT-1",3012,9883,"Layer3",9883,-3012
"GTAACTTGCGGCAGTC-1",3716,4924,"Layer3",4924,-3716
"GTATATGTTACGGCGG-1",3233,3549,"Layer3",3549,-3233
"GTATCGGGACGAGCTG-1",3112,3205,"Layer3",3205,-3112
"GTTCGCTGAGACGTCT-1",8881,9659,"Layer3",9659,-8881
"TAACCTACCGTCCGAG-1",6484,9116,"Layer3",9116,-6484
"TAATAGTGACGACCAG-1",5761,7879,"Layer3",7879,-5761
"TAATCAGGAATGCTGC-1",2532,9609,"Layer3",9609,-2532
"TACCTCACGCTTGTAC-1",4438,6024,"Layer3",6024,-4438
"TACGATCCAAGCCACT-1",2892,9677,"Layer3",9677,-2892
"TACGCTATAGAAACCT-1",6604,9322,"Layer3",9322,-6604
"TACTGTTTCTCTGGTA-1",8164,10350,"Layer3",10350,-8164
"TAGAAACACAATAGTG-1",4427,2169,"Layer3",2169,-4427
"TAGGTGAGCCCTACTC-1",5991,4436,"Layer3",4436,-5991
"TAGTGCTTGAATCCTT-1",3709,2446,"Layer3",2446,-3709
"TATTTGATTTGCACAG-1",9002,10278,"Layer3",10278,-9002
"TCACCGCTCGGCACTC-1",6122,8497,"Layer3",8497,-6122
"TCCACAATGGTTTACG-1",6111,4642,"Layer3",4642,-6111
"TCCCAAAGCCCTAAAT-1",7206,10215,"Layer3",10215,-7206
"TCCGTTTAGCCTTGAA-1",6002,8291,"Layer3",8291,-6002
"TCCTACATCCACGGCC-1",8037,7941,"Layer3",7941,-8037
"TCCTTACGACGGTCCG-1",8399,8697,"Layer3",8697,-8399
"TCGCACTAACGTTTGT-1",4187,2169,"Layer3",2169,-4187
"TCGCATTCAATGACTT-1",3596,4718,"Layer3",4718,-3596
"TCGCCTCGACCTGTTG-1",3112,2930,"Layer3",2930,-3112
"TCTGAGCAATTGACTG-1",9001,9865,"Layer3",9865,-9001
"TGCATGGCAGTCTTGC-1",2652,9402,"Layer3",9402,-2652
"TGCGATGCTAATGGCT-1",5028,2924,"Layer3",2924,-5028
"TGGACGTAGGCGAATC-1",3590,2653,"Layer3",2653,-3590
"TGGTCGTTTGATAGAT-1",2771,9471,"Layer3",9471,-2771
"TTAAACTCGAATTCAT-1",6243,8703,"Layer3",8703,-6243
"TTCAGAGTAACCTGAC-1",3234,3687,"Layer3",3687,-3234
"TTGACCATGTTCTCCG-1",5401,7535,"Layer3",7535,-5401
"TTGCAGGTCATGAAGT-1",2532,9471,"Layer3",9471,-2532
"TTGTGGCCCTGACAGT-1",4679,6298,"Layer3",6298,-4679
"AAACAGTGTTCCTGGG-1",11263,5109,"WM",5109,-11263
"AAATTGATAGTCCTTT-1",9105,4289,"WM",4289,-9105
"AATCGAGGTCTCAAGG-1",11630,7655,"WM",7655,-11630
"ACCACACGGTTGATGG-1",11510,7586,"WM",7586,-11510
"ACGAGGATACCACTCT-1",8503,3396,"WM",3396,-8503
"AGCCCGGTAGCCTGTA-1",9827,5526,"WM",5526,-9827
"AGGCGGTTTGTCCCGC-1",9581,3324,"WM",3324,-9581
"AGTGACTGTGACACAA-1",10422,4079,"WM",4079,-10422
"ATCAGCTCGTCCACTA-1",8383,3190,"WM",3190,-8383
"CAAACCCTCCGGCGGG-1",10909,6968,"WM",6968,-10909
"CCCTCGATAATACACA-1",10781,4146,"WM",4146,-10781
"CCGTATCTCGTCGTAG-1",8864,4014,"WM",4014,-8864
"CCTACAGTTGAGGGAG-1",11750,7861,"WM",7861,-11750
"CCTGAGAATAAATGCA-1",11022,4421,"WM",4421,-11022
"CGAATCTGCTCGACGC-1",9941,3667,"WM",3667,-9941
"CGCCACAGGTCGCGAT-1",8381,2777,"WM",2777,-8381
"CGCCGCGTTCTGAACG-1",11264,5246,"WM",5246,-11264
"CGCTGTGTGGATGTTG-1",9586,5114,"WM",5114,-9586
"CTACAAGAAATAACCC-1",9466,4908,"WM",4908,-9466
"GAGTATACCCTAATCA-1",10901,4215,"WM",4215,-10901
"GATGTAACGAACCACC-1",8623,3602,"WM",3602,-8623
"GCACAGCACGGGCCGA-1",11143,5040,"WM",5040,-11143
"GCCCTAAGTGCAGGAT-1",11629,7242,"WM",7242,-11629
"GGCATTGAACATCTCA-1",11386,6141,"WM",6141,-11386
"GGGCATGCATGTCGAG-1",11266,5935,"WM",5935,-11266
"GTGCTGTTAGAACATA-1",11750,7723,"WM",7723,-11750
"GTTCTTGTAACTCAAT-1",11506,6347,"WM",6347,-11506
"TACACAGCCGTGGTGC-1",11150,7243,"WM",7243,-11150
"TAGGATCTTAACCGCA-1",11628,6966,"WM",6966,-11628
"TAGTCTGCGGCACATT-1",11142,4627,"WM",4627,-11142
"TCCAATAAAGGCTACC-1",10067,5801,"WM",5801,-10067
"TCGAGCCAGGCAGGCC-1",9345,4701,"WM",4701,-9345
"TCGATTTACGAAACGA-1",11628,6829,"WM",6829,-11628
"TGTGGCGGGCTTCTGG-1",10308,6213,"WM",6213,-10308
"TTCAGTTCAAGAGGAG-1",11142,4765,"WM",4765,-11142
"TTCGGTACTGTAGAGG-1",10548,6488,"WM",6488,-10548
"AAAGGCTCTCGCGCCG-1",9109,5941,"Layer6",5941,-9109
"AAATGGCCCGTGCCCT-1",8383,3327,"Layer6",3327,-8383
"AATAGAACAGAGTGGC-1",8748,5323,"Layer6",5323,-8748
"AATCGGTATAGCCCTC-1",11037,9653,"Layer6",9653,-11037
"ACAGGTGTGTTGTTGC-1",7062,2161,"Layer6",2161,-7062
"AGAATACAGGCTATCC-1",11514,8963,"Layer6",8963,-11514
"AGCCAAGCTTTGTGTC-1",10188,6144,"Layer6",6144,-10188
"AGTCTCACAAGACTAC-1",8985,4221,"Layer6",4221,-8985
"AGTTTGGCCAGACCTA-1",8146,4292,"Layer6",4292,-8146
"ATACCTAACCAAGAAA-1",9471,6560,"Layer6",6560,-9471
"ATTATTCAGAGTCACT-1",10555,8828,"Layer6",8828,-10555
"ATTGCCTTTATGTTTG-1",10193,7934,"Layer6",7934,-10193
"CAAACCAGGTCTGCAT-1",6823,2162,"Layer6",2162,-6823
"CAAATCTCTCACAAGG-1",7786,3811,"Layer6",3811,-7786
"CACGTCGGCAACCTCT-1",8387,4704,"Layer6",4704,-8387
"CACTCCTATGTAAGAT-1",9225,4633,"Layer6",4633,-9225
"CATGCCAACTCGCAAA-1",7665,3605,"Layer6",3605,-7665
"CCAAGGTTGCCCTTTC-1",10797,9654,"Layer6",9654,-10797
"CCCGTAGCTGGGAAGA-1",9346,4839,"Layer6",4839,-9346
"CCGCACTTGCAATGAC-1",10797,9516,"Layer6",9516,-10797
"CCTATATTTGTCCTGG-1",9947,5732,"Layer6",5732,-9947
"CCTCTATCGATTAGCA-1",8744,3946,"Layer6",3946,-8744
"CCTGGTCGAATGTGGG-1",9591,6903,"Layer6",6903,-9591
"CGTGACCAGTCCTCTG-1",10068,5938,"Layer6",5938,-10068
"CTAGTAGAAAGGGATT-1",10073,7728,"Layer6",7728,-10073
"CTATCACAACGCTGGA-1",11390,7518,"Layer6",7518,-11390
"CTCCCTCCTTTCGATC-1",8624,3740,"Layer6",3740,-8624
"CTGCGACCTCGCCGAA-1",11030,7175,"Layer6",7175,-11030
"CTTCATCACCAGGGCT-1",11751,8136,"Layer6",8136,-11751
"GAACTGTGGAGAGACA-1",10669,6694,"Layer6",6694,-10669
"GATTATCTTGCATTAT-1",11632,8481,"Layer6",8481,-11632
"GCTTCCATGTAACCGC-1",11395,9170,"Layer6",9170,-11395
"GGATCAGAGCCATCAG-1",7661,2228,"Layer6",2228,-7661
"GGCACTGCGGTGGTTT-1",10917,9722,"Layer6",9722,-10917
"GGCCGTTTGGGTTTCA-1",9587,5251,"Layer6",5251,-9587
"GGCTTCTCGTGGGTGG-1",11630,7792,"Layer6",7792,-11630
"GGTTCGGATTATACTA-1",7183,2643,"Layer6",2643,-7183
"TAATTTCCGTCCAGTA-1",7302,2160,"Layer6",2160,-7302
"TATCCCTCGATCTGCA-1",11631,7930,"Layer6",7930,-11631
"TCCACCAAGACATAGG-1",11157,9584,"Layer6",9584,-11157
"TCCTTGTCCTTTAATT-1",10789,6900,"Layer6",6900,-10789
"TGAGTGTAACAACGGG-1",11276,9377,"Layer6",9377,-11276
"TGATTCAGGTCCCGCG-1",8261,2708,"Layer6",2708,-8261
"TGCAGCTACGTACTTC-1",7544,3261,"Layer6",3261,-7544
"TGCCAATGGGTACTCT-1",8989,5735,"Layer6",5735,-8989
"TGGGTGTAATAGATTT-1",10676,9172,"Layer6",9172,-10676
"TGGTAAGCAGGATTGA-1",7424,2917,"Layer6",2917,-7424
"TTGTGCAGCCACGTCA-1",9712,7247,"Layer6",7247,-9712
"TTGTTTCCATACAACT-1",7906,4017,"Layer6",4017,-7906
"AAAGACTGGGCGCTTT-1",5987,3197,"Layer5",3197,-5987
"AAATGTATCTTATCCC-1",5625,2165,"Layer5",2165,-5625
"AAATTTGCGGGTGTGG-1",8147,4430,"Layer5",4430,-8147
"AAGAGGCCCTTTGGAA-1",9600,9657,"Layer5",9657,-9600
"AATTAACGGATTTCCA-1",9471,6697,"Layer5",6697,-9471
"AATTGTGGTTGCCAAA-1",10320,10343,"Layer5",10343,-10320
"ACAATCCATTTAAACC-1",6829,4365,"Layer5",4365,-6829
"ACACTGATCAAGGTGT-1",8749,5460,"Layer5",5460,-8749
"ACATCCCGGCCATACG-1",9110,6079,"Layer5",6079,-9110
"ACCGCAATAACTGCCT-1",8635,7595,"Layer5",7595,-8635
"AGCTAAGTACGCAGGC-1",10194,8072,"Layer5",8072,-10194
"AGGCTTCCCGAAGAAG-1",8508,5048,"Layer5",5048,-8508
"ATAATCTTGGAGAACC-1",9833,7453,"Layer5",7453,-9833
"ATATAACACGGGCGCA-1",10435,8622,"Layer5",8622,-10435
"ATCCAGGATTCGTGAA-1",7311,5327,"Layer5",5327,-7311
"CAATACGCTCTGAGGC-1",7304,2849,"Layer5",2849,-7304
"CACGTTTCGTACACAC-1",9117,8419,"Layer5",8419,-9117
"CATATAGGTACAGTCA-1",7672,5945,"Layer5",5945,-7672
"CATGGCTCCCTATGTC-1",5266,2235,"Layer5",2235,-5266
"CCAGAAACTGATGCGA-1",10799,10204,"Layer5",10204,-10799
"CCATACTCGCCTCTCC-1",6343,2163,"Layer5",2163,-6343
"CCATGGCCCTTGTACC-1",6348,3678,"Layer5",3678,-6348
"CCGAACCTTCCCGGCC-1",8394,7045,"Layer5",7045,-8394
"CCGCGGAATGCGTCAC-1",8628,5254,"Layer5",5254,-8628
"CCGTGTTAAATTCCAT-1",8267,4636,"Layer5",4636,-8267
"CCTACTCAACACGATT-1",10081,10344,"Layer5",10344,-10081
"CGCAATCGATCATTAG-1",5385,2166,"Layer5",2166,-5385
"CGCCCAGCGTTTCACG-1",10314,8278,"Layer5",8278,-10314
"CGCCGTTCAGCATAGT-1",9479,9313,"Layer5",9313,-9479
"CGGTGCGCGTTGGTCC-1",8388,4842,"Layer5",4842,-8388
"CTAACCGCGCGCCCGT-1",6949,4571,"Layer5",4571,-6949
"CTGGTAAAGTGTGGGC-1",9720,10001,"Layer5",10001,-9720
"GACCGTTACATGCGAC-1",7063,2574,"Layer5",2574,-7063
"GACGCCGTAAAGGCTA-1",8990,5873,"Layer5",5873,-8990
"GAGTGTCAACCAGAAA-1",10073,7866,"Layer5",7866,-10073
"GATCGGATAGAACCAT-1",7424,3055,"Layer5",3055,-7424
"GCACACACTGGTAGCC-1",9237,8626,"Layer5",8626,-9237
"GCGGCTCTGACGTACC-1",7070,4777,"Layer5",4777,-7070
"GCGTCTCTGCATTGGG-1",7190,4983,"Layer5",4983,-7190
"GGGCCCGTCTTAAACA-1",7552,5739,"Layer5",5739,-7552
"GGTATGAAAGAACTGA-1",6583,2162,"Layer5",2162,-6583
"GTCCGGACCTGAAATT-1",8996,8213,"Layer5",8213,-8996
"GTCTTCCTCACCTAAG-1",6104,2164,"Layer5",2164,-6104
"GTGAGCGTGCTGCACT-1",6468,3884,"Layer5",3884,-6468
"TACAACGCACAACTCA-1",7431,5533,"Layer5",5533,-7431
"TACCGGCTCACTGCCC-1",8153,6632,"Layer5",6632,-8153
"TAGAGATCATGCAACT-1",7786,3949,"Layer5",3949,-7786
"TATGAAGAATTAAGGT-1",10556,8966,"Layer5",8966,-10556
"TCACCCTCTTAAGATT-1",7913,6220,"Layer5",6220,-7913
"TCAGGGCGACTTCCTT-1",5386,2441,"Layer5",2441,-5386
"TCGCCCACTGCGAGAG-1",6823,2299,"Layer5",2299,-6823
"TCGCGTAGCAGTGTCC-1",9358,8969,"Layer5",8969,-9358
"TCGGGAGACAGCGTAC-1",9592,7041,"Layer5",7041,-9592
"TCGTAACTCCCAAGAC-1",10560,10343,"Layer5",10343,-10560
"TCGTCTTAGGCGTTAA-1",8876,7869,"Layer5",7869,-8876
"TCGTGTCACGCTGACA-1",7666,3743,"Layer5",3743,-7666
"TCTAACTGTATGTAAA-1",5747,2922,"Layer5",2922,-5747
"TCTAGCAATCTCCGCC-1",8026,4223,"Layer5",4223,-8026
"TGCAGATCGTCCTAGG-1",7545,3399,"Layer5",3399,-7545
"TGCCGTGGATCGTCCT-1",9351,6491,"Layer5",6491,-9351
"TGGACCAATCTAAGAT-1",9953,7660,"Layer5",7660,-9953
"TGGTTCAACGGGTAAT-1",8514,7251,"Layer5",7251,-8514
"TGTCCGTGGCGCCTTT-1",6107,3403,"Layer5",3403,-6107
"TGTTCATAAATGTGCT-1",5626,2716,"Layer5",2716,-5626
"TTCGGGTTGCCACGGG-1",9841,10207,"Layer5",10207,-9841
"TTGCCTTCTCGCCGGG-1",10677,9310,"Layer5",9310,-10677
"TTGTGATCTGTTCAGT-1",10798,9791,"Layer5",9791,-10798
"TTGTGTATGCCACCAA-1",9230,6285,"Layer5",6285,-9230
"AATTCCAACTTGGTGA-1",2872,3068,"Layer2",3068,-2872
"ACGAGAACCCATCACG-1",3476,4512,"Layer2",4512,-3476
"AGCCCTAAGCGAAGTT-1",4320,6644,"Layer2",6644,-4320
"AGCGACATCCCATTCA-1",4559,6230,"Layer2",6230,-4559
"AGCGGTTGAGATGTAC-1",2529,8370,"Layer2",8370,-2529
"AGCGTTCCGATTTAAA-1",2769,8507,"Layer2",8507,-2769
"ATAACGTTACCTCCAC-1",3731,10019,"Layer2",10019,-3731
"ATGTAAGGCTGCTCTT-1",6366,9873,"Layer2",9873,-6366
"ATTATAGCTACTTTAC-1",6487,10079,"Layer2",10079,-6487
"CAGCCTCCTGCAGAGG-1",5281,7467,"Layer2",7467,-5281
"CCGTGAGGCATTCATG-1",6847,10422,"Layer2",10422,-6847
"CCGTGCCCATGACGGC-1",3958,5474,"Layer2",5474,-3958
"CCTCGCCAGCAAATTA-1",4681,7262,"Layer2",7262,-4681
"CTACGTGTTGCCACCA-1",3234,3824,"Layer2",3824,-3234
"CTAGACATATATGTAG-1",3491,9606,"Layer2",9606,-3491
"GAACTTAGCGCCCGGT-1",3130,9125,"Layer2",9125,-3130
"GAAGGACTAAATTGAA-1",2992,3137,"Layer2",3137,-2992
"GCCCATGGGTGCAATG-1",2528,8232,"Layer2",8232,-2528
"GGCCCGGAGCATGTCT-1",6727,10354,"Layer2",10354,-6727
"GTATGACGTGGGAAAC-1",3355,4168,"Layer2",4168,-3355
"GTCTTGAGGAGCAGTG-1",7086,10146,"Layer2",10146,-7086
"GTGCGGGACCATCGGC-1",3237,4926,"Layer2",4926,-3237
"TAACCGTCCAGTTCAT-1",2633,3207,"Layer2",3207,-2633
"TAGTTTATTCTTGCTT-1",4079,6094,"Layer2",6094,-4079
"TATGATTCTGCTTGGT-1",3116,4582,"Layer2",4582,-3116
"TCAGAACCTCCACAGG-1",6125,9461,"Layer2",9461,-6125
"TCAGATGGAGACGTAG-1",4093,10912,"Layer2",10912,-4093
"TCTGTGACTGACCGTT-1",2874,3757,"Layer2",3757,-2874
"TGGAAGGATAAAGATG-1",4920,6848,"Layer2",6848,-4920
"TGTGATTCCAGCGCTT-1",2528,8095,"Layer2",8095,-2528
"TTGAGTCCCGCTGCTG-1",7206,10353,"Layer2",10353,-7206
"AACAGGATGGGCCGCG-1",5990,4298,"Layer4",4298,-5990
"AATAGTCGCGAGTCGG-1",5506,2647,"Layer4",2647,-5506
"ACAAGGGCAGGCTCTG-1",7796,7391,"Layer4",7391,-7796
"ACCCATCTTGAGGGTA-1",6950,4708,"Layer4",4708,-6950
"ACCGATAGGCATAACC-1",9721,10276,"Layer4",10276,-9721
"AGGTTTCACACACCTT-1",7435,6772,"Layer4",6772,-7435
"CAGAACTTAGCCCTCT-1",8876,8007,"Layer4",8007,-8876
"CAGGCCGTTTGGGTGT-1",7191,5121,"Layer4",5121,-7191
"CCAACGATGCACTGAT-1",6231,4711,"Layer4",4711,-6231
"CCAGCTTCCGCCCGCA-1",5988,3334,"Layer4",3334,-5988
"CCCGGTGGAAGAACCT-1",5509,3611,"Layer4",3611,-5509
"CTCTATTTGGCTGCAG-1",8274,6839,"Layer4",6839,-8274
"CTGCACAACTACATAT-1",8515,7389,"Layer4",7389,-8515
"CTGGTCATTCCAATCC-1",5268,3199,"Layer4",3199,-5268
"CTGTGCAGGGTAGGTC-1",7555,6978,"Layer4",6978,-7555
"CTGTGGTCGGGAGATA-1",9116,8282,"Layer4",8282,-9116
"GAAATCTGACCAAGTT-1",4667,2306,"Layer4",2306,-4667
"GATGCGAATGGTATTA-1",5627,2854,"Layer4",2854,-5627
"GCAGTTCGATCCGAGC-1",9242,10278,"Layer4",10278,-9242
"GCGATGTCTGTGCTTG-1",4666,2168,"Layer4",2168,-4666
"GCGGTGCGGAGCATCG-1",4787,2512,"Layer4",2512,-4787
"GCTAGAGTAGAGATGT-1",9238,8763,"Layer4",8763,-9238
"GGCACTCCACTGGGCA-1",6592,5329,"Layer4",5329,-6592
"GGGTATGTATGCACTT-1",5870,4092,"Layer4",4092,-5870
"GTTATAATACGGTGAA-1",8880,9521,"Layer4",9521,-8880
"GTTCAAATCAGATGTC-1",5146,2167,"Layer4",2167,-5146
"GTTCCCGTAAACATAT-1",9602,10345,"Layer4",10345,-9602
"TACTCTTACTTTACTG-1",9600,9795,"Layer4",9795,-9600
"TCGAGACCAACACCGT-1",6953,5948,"Layer4",5948,-6953
"TCTTCGCGGTGAGAGG-1",9721,10139,"Layer4",10139,-9721
"TGCCTTGGCCAGGCAA-1",8756,7801,"Layer4",7801,-8756
"TGGCAGATTACGATCA-1",7793,6152,"Layer4",6152,-7793
"TGGCAGCAGTAATAGT-1",7194,6360,"Layer4",6360,-7194
"TGGGTTCCCGGACGGA-1",4906,2167,"Layer4",2167,-4906
"TGTGTTCGTATCCAAG-1",6228,3609,"Layer4",3609,-6228
"TTACCATTGATTACCC-1",6589,4090,"Layer4",4090,-6589
"TTCAGCCCTGGTCCAC-1",8157,8009,"Layer4",8009,-8157
